{
  "naive_bayes": {
    "accuracy": 0.8711656441717791,
    "macro_f1": 0.8639337760297918
  },
  "svm": {
    "accuracy": 0.9447852760736196,
    "macro_f1": 0.9382073567928831
  },
  "phobert": {
    "accuracy": 0.7239263803680982,
    "macro_f1": 0.6812856549528685
  }
}